Data,10_giorni_precedenti_Ultimo,20_giorni_precedenti_Ultimo,30_giorni_precedenti_Ultimo
0.9756502490315441,0.4342390061442892,0.9073778421672913,0.8677206058266016
